{
	"$schema": "https://schemas.wp.org/wp/6.7/theme.json",
	"customTemplates": [
		{
			"name": "blank",
			"postTypes": [
				"page",
				"post"
			],
			"title": "Blank"
		}
	],
	"settings": {
		"appearanceTools": true,
		"color": {
			"palette": [
				{
					"color": "var(--wp--preset--color--black)",
					"name": "Foreground",
					"slug": "foreground"
				},
				{
					"color": "var(--wp--preset--color--white)",
					"name": "Background",
					"slug": "background"
				},
				{
					"color": "#72110c",
					"name": "Primary",
					"slug": "primary"
				},
				{
					"color": "#bcd",
					"name": "Secondary",
					"slug": "secondary"
				},
				{
					"color": "var(--wp--preset--color--white)",
					"name": "Primary Contrast",
					"slug": "primarycontrast"
				},
				{
					"color": "#a66567",
					"name": "Secondary Contrast",
					"slug": "secondarycontrast"
				}
			]
		},
		"layout": {
			"contentSize": "840px",
			"wideSize": "1100px"
		},
		"spacing": {
			"units": [
				"%",
				"px",
				"em",
				"rem",
				"vh",
				"vw"
			]
		},
		"typography": {
			"defaultFontSizes": false,
			"fluid": true,
			"fontFamilies": [
				{
					"fontFamily": "-apple-system,BlinkMacSystemFont,\"Segoe UI\",Roboto,Oxygen-Sans,Ubuntu,Cantarell,\"Helvetica Neue\",sans-serif",
					"name": "System Font",
					"slug": "system-font"
				}
			],
			"fontSizes": [
				{
					"fluid": {
						"max": "0.5rem",
						"min": "0.3rem"
					},
					"name": "Extra Extra Small",
					"size": "0.5",
					"slug": "xx-small"
				},
				{
					"fluid": {
						"max": "0.875rem",
						"min": "0.5rem"
					},
					"name": "Extra Small",
					"size": "0.875rem",
					"slug": "x-small"
				},
				{
					"fluid": {
						"max": "1rem",
						"min": "0.875rem"
					},
					"name": "Small",
					"size": "1rem",
					"slug": "small"
				},
				{
					"fluid": {
						"max": "1.125rem",
						"min": "1rem"
					},
					"name": "Medium",
					"size": "1.125rem",
					"slug": "medium"
				},
				{
					"fluid": {
						"max": "2rem",
						"min": "1.75rem"
					},
					"name": "Large",
					"size": "2rem",
					"slug": "large"
				},
				{
					"fluid": {
						"max": "3.25rem",
						"min": "2rem"
					},
					"name": "Extra Large",
					"size": "3.25rem",
					"slug": "x-large"
				},
				{
					"fluid": {
						"max": "5rem",
						"min": "3.25rem"
					},
					"name": "Extra Extra Large",
					"size": "5rem",
					"slug": "xx-large"
				}
			]
		},
		"useRootPaddingAwareAlignments": true
	},
	"styles": {
		"blocks": {
			"core/comment-author-name": {
				"typography": {
					"fontSize": "var(--wp--preset--font-size--small)"
				}
			},
			"core/comment-date": {
				"typography": {
					"fontSize": "var(--wp--preset--font-size--small)"
				}
			},
			"core/comment-edit-link": {
				"typography": {
					"fontSize": "var(--wp--preset--font-size--x-small)"
				}
			},
			"core/comment-reply-link": {
				"typography": {
					"fontSize": "var(--wp--preset--font-size--small)"
				}
			},
			"core/comments-title": {
				"typography": {
					"fontSize": "var(--wp--preset--font-size--large)"
				}
			},
			"core/file": {
				"elements": {
					"link": {
						"color": {
							"background": "transparent",
							"text": "var(--wp--preset--color--primary)"
						}
					}
				}
			},
			"core/navigation": {
				"elements": {
					"link": {
						":active": {
							"typography": {
								"textDecoration": "underline"
							}
						},
						":focus": {
							"typography": {
								"textDecoration": "underline"
							}
						},
						":hover": {
							"typography": {
								"textDecoration": "underline"
							}
						},
						"typography": {
							"textDecoration": "none"
						}
					}
				},
				"typography": {
					"fontSize": "var(--wp--preset--font-size--small)"
				}
			},
			"core/post-author": {
				"typography": {
					"fontSize": "var(--wp--preset--font-size--small)",
					"fontStyle": "italic",
					"fontWeight": "300"
				}
			},
			"core/post-date": {
				"typography": {
					"fontSize": "var(--wp--preset--font-size--small)"
				}
			},
			"core/post-terms": {
				"typography": {
					"fontSize": "var(--wp--preset--font-size--small)",
					"lineHeight": "1.2"
				}
			},
			"core/post-title": {
				"typography": {
					"fontSize": "var(--wp--preset--font-size--x-large)",
					"lineHeight": "1.6"
				}
			},
			"core/pullquote": {
				"border": {
					"bottom": {
						"style": "solid",
						"width": "2px"
					},
					"top": {
						"style": "solid",
						"width": "2px"
					}
				}
			},
			"core/quote": {
				"spacing": {
					"padding": {
						"left": "20px",
						"right": "20px"
					}
				}
			}
		},
		"color": {
			"background": "var(--wp--preset--color--background)",
			"text": "var(--wp--preset--color--foreground)"
		},
		"elements": {
			"button": {
				":active": {
					"typography": {
						"textDecoration": "underline"
					}
				},
				":focus": {
					"color": {
						"background": "var(--wp--preset--color--secondary)",
						"text": "var(--wp--preset--color--secondarycontrast)"
					}
				},
				":hover": {
					"color": {
						"background": "var(--wp--preset--color--secondary)",
						"text": "var(--wp--preset--color--secondarycontrast)"
					}
				},
				"border": {
					"radius": "0"
				},
				"color": {
					"background": "var(--wp--preset--color--primary)",
					"text": "var(--wp--preset--color--primarycontrast)"
				}
			},
			"caption": {
				"typography": {
					"fontSize": "var(--wp--preset--font-size--x-small)"
				}
			},
			"cite": {
				"typography": {
					"fontSize": "var(--wp--preset--font-size--x-small)"
				}
			},
			"h1": {
				"typography": {
					"fontSize": "var(--wp--preset--font-size--xx-large)",
					"lineHeight": "1.2"
				}
			},
			"h2": {
				"typography": {
					"fontSize": "var(--wp--preset--font-size--x-large)",
					"lineHeight": "1.2"
				}
			},
			"h3": {
				"typography": {
					"fontSize": "var(--wp--preset--font-size--large)"
				}
			},
			"h4": {
				"typography": {
					"fontSize": "var(--wp--preset--font-size--medium)",
					"fontWeight": "600",
					"textTransform": "uppercase"
				}
			},
			"h5": {
				"typography": {
					"fontSize": "var(--wp--preset--font-size--small)",
					"textTransform": "uppercase"
				}
			},
			"h6": {
				"typography": {
					"fontSize": "var(--wp--preset--font-size--x-small)",
					"textTransform": "uppercase"
				}
			},
			"heading": {
				"typography": {
					"fontWeight": "400",
					"lineHeight": "1.4"
				}
			},
			"link": {
				":active": {
					"typography": {
						"textDecoration": "none"
					}
				},
				":focus": {
					"typography": {
						"textDecoration": "none"
					}
				},
				":hover": {
					"typography": {
						"textDecoration": "none"
					}
				},
				"color": {
					"text": "var(--wp--preset--color--primary)"
				},
				"typography": {
					"textDecoration": "underline"
				}
			}
		},
		"spacing": {
			"padding": {
				"left": "var(--wp--preset--spacing--50)",
				"right": "var(--wp--preset--spacing--50)"
			}
		},
		"typography": {
			"fontFamily": "var(--wp--preset--font-family--system-font)",
			"fontSize": "var(--wp--preset--font-size--medium)",
			"fontWeight": "300",
			"lineHeight": "1.6"
		}
	},
	"templateParts": [
		{
			"area": "header",
			"name": "header",
			"title": "Header"
		},
		{
			"area": "footer",
			"name": "footer",
			"title": "Footer"
		},
		{
			"area": "uncategorized",
			"name": "comments",
			"title": "Comments"
		}
	],
	"version": 3
}